mc	mn	quarterbeats	quarterbeats_all_endings	duration_qb	mc_onset	mn_onset	event	timesig	staff	voice	duration	nominal_duration	scalar	chord_id
1	1	0	0	2.0	0	0	Chord	4/4	1	1	1/2	1/2	1	0
1	1	2	2	2.0	1/2	1/2	Chord	4/4	1	1	1/2	1/2	1	1
1	1	0	0	2.0	0	0	Chord	4/4	2	1	1/2	1/2	1	2
1	1	2	2	2.0	1/2	1/2	Chord	4/4	2	1	1/2	1/2	1	3
1	1	0	0	2.0	0	0	Chord	4/4	3	1	1/2	1/2	1	4
1	1	2	2	2.0	1/2	1/2	Chord	4/4	3	1	1/2	1/2	1	5
1	1	0	0	2.0	0	0	Chord	4/4	4	1	1/2	1/2	1	6
1	1	2	2	2.0	1/2	1/2	Chord	4/4	4	1	1/2	1/2	1	7
2	2	4	4	1.0	0	0	Chord	4/4	1	1	1/4	1/4	1	8
2	2	5	5	1.0	1/4	1/4	Chord	4/4	1	1	1/4	1/4	1	9
2	2	6	6	1.0	1/2	1/2	Chord	4/4	1	1	1/4	1/4	1	10
2	2	7	7	1.0	3/4	3/4	Chord	4/4	1	1	1/4	1/4	1	11
2	2	4	4	1.0	0	0	Chord	4/4	2	1	1/4	1/4	1	12
2	2	5	5	1.0	1/4	1/4	Chord	4/4	2	1	1/4	1/4	1	13
2	2	6	6	1.0	1/2	1/2	Chord	4/4	2	1	1/4	1/4	1	14
2	2	7	7	1.0	3/4	3/4	Chord	4/4	2	1	1/4	1/4	1	15
2	2	4	4	1.0	0	0	Chord	4/4	3	1	1/4	1/4	1	16
2	2	5	5	1.0	1/4	1/4	Chord	4/4	3	1	1/4	1/4	1	17
2	2	6	6	1.0	1/2	1/2	Chord	4/4	3	1	1/4	1/4	1	18
2	2	7	7	1.0	3/4	3/4	Chord	4/4	3	1	1/4	1/4	1	19
2	2	4	4	1.0	0	0	Chord	4/4	4	1	1/4	1/4	1	20
2	2	5	5	1.0	1/4	1/4	Chord	4/4	4	1	1/4	1/4	1	21
2	2	6	6	1.0	1/2	1/2	Chord	4/4	4	1	1/4	1/4	1	22
2	2	7	7	1.0	3/4	3/4	Chord	4/4	4	1	1/4	1/4	1	23
3	3	8	8	2.0	0	0	Chord	4/4	1	1	1/2	1/2	1	24
3	3	8	8	2.0	0	0	Chord	4/4	2	1	1/2	1/2	1	25
3	3	8	8	2.0	0	0	Chord	4/4	3	1	1/2	1/2	1	26
3	3	8	8	2.0	0	0	Chord	4/4	4	1	1/2	1/2	1	27
4	4	12	12	2.0	0	0	Chord	4/4	1	1	1/2	1/2	1	28
4	4	14	14	2.0	1/2	1/2	Chord	4/4	1	1	1/2	1/2	1	29
4	4	12	12	2.0	0	0	Chord	4/4	2	1	1/2	1/2	1	30
4	4	14	14	2.0	1/2	1/2	Chord	4/4	2	1	1/2	1/2	1	31
4	4	12	12	2.0	0	0	Chord	4/4	3	1	1/2	1/2	1	32
4	4	14	14	2.0	1/2	1/2	Chord	4/4	3	1	1/2	1/2	1	33
4	4	12	12	2.0	0	0	Chord	4/4	4	1	1/2	1/2	1	34
4	4	14	14	2.0	1/2	1/2	Chord	4/4	4	1	1/2	1/2	1	35
5	5	16	16	1.0	0	0	Chord	4/4	1	1	1/4	1/4	1	36
5	5	17	17	1.0	1/4	1/4	Chord	4/4	1	1	1/4	1/4	1	37
5	5	18	18	2.0	1/2	1/2	Chord	4/4	1	1	1/2	1/2	1	38
5	5	16	16	1.0	0	0	Chord	4/4	2	1	1/4	1/4	1	39
5	5	17	17	2.0	1/4	1/4	Chord	4/4	2	1	1/2	1/2	1	40
5	5	19	19	1.0	3/4	3/4	Chord	4/4	2	1	1/4	1/4	1	41
5	5	16	16	1.0	0	0	Chord	4/4	3	1	1/4	1/4	1	42
5	5	17	17	2.0	1/4	1/4	Chord	4/4	3	1	1/2	1/2	1	43
5	5	19	19	1.0	3/4	3/4	Chord	4/4	3	1	1/4	1/4	1	44
5	5	16	16	1.0	0	0	Chord	4/4	4	1	1/4	1/4	1	45
5	5	17	17	1.0	1/4	1/4	Chord	4/4	4	1	1/4	1/4	1	46
5	5	18	18	1.0	1/2	1/2	Chord	4/4	4	1	1/4	1/4	1	47
5	5	19	19	1.0	3/4	3/4	Chord	4/4	4	1	1/4	1/4	1	48
6	6	20	20	2.0	0	0	Chord	4/4	1	1	1/2	1/2	1	49
6	6	22	22	2.0	1/2	1/2	Chord	4/4	1	1	1/2	1/2	1	50
6	6	20	20	1.0	0	0	Chord	4/4	2	1	1/4	1/4	1	51
6	6	21	21	1.0	1/4	1/4	Chord	4/4	2	1	1/4	1/4	1	52
6	6	22	22	2.0	1/2	1/2	Chord	4/4	2	1	1/2	1/2	1	53
6	6	20	20	2.0	0	0	Chord	4/4	3	1	1/2	1/2	1	54
6	6	22	22	2.0	1/2	1/2	Chord	4/4	3	1	1/2	1/2	1	55
6	6	20	20	2.0	0	0	Chord	4/4	4	1	1/2	1/2	1	56
6	6	22	22	2.0	1/2	1/2	Chord	4/4	4	1	1/2	1/2	1	57
7	7	26	26	2.0	1/2	1/2	Chord	4/4	1	1	1/2	1/2	1	58
7	7	26	26	2.0	1/2	1/2	Chord	4/4	2	1	1/2	1/2	1	59
7	7	26	26	2.0	1/2	1/2	Chord	4/4	3	1	1/2	1/2	1	60
7	7	26	26	2.0	1/2	1/2	Chord	4/4	4	1	1/2	1/2	1	61
8	8	28	28	2.0	0	0	Chord	4/4	1	1	1/2	1/2	1	62
8	8	30	30	1.0	1/2	1/2	Chord	4/4	1	1	1/4	1/4	1	63
8	8	31	31	1.0	3/4	3/4	Chord	4/4	1	1	1/4	1/4	1	64
8	8	28	28	2.0	0	0	Chord	4/4	2	1	1/2	1/2	1	65
8	8	30	30	1.0	1/2	1/2	Chord	4/4	2	1	1/4	1/4	1	66
8	8	31	31	1.0	3/4	3/4	Chord	4/4	2	1	1/4	1/4	1	67
8	8	28	28	2.0	0	0	Chord	4/4	3	1	1/2	1/2	1	68
8	8	30	30	1.0	1/2	1/2	Chord	4/4	3	1	1/4	1/4	1	69
8	8	31	31	1.0	3/4	3/4	Chord	4/4	3	1	1/4	1/4	1	70
8	8	28	28	2.0	0	0	Chord	4/4	4	1	1/2	1/2	1	71
8	8	30	30	1.0	1/2	1/2	Chord	4/4	4	1	1/4	1/4	1	72
8	8	31	31	1.0	3/4	3/4	Chord	4/4	4	1	1/4	1/4	1	73
9	9	32	32	1.0	0	0	Chord	4/4	1	1	1/4	1/4	1	74
9	9	33	33	1.0	1/4	1/4	Chord	4/4	1	1	1/4	1/4	1	75
9	9	34	34	2.0	1/2	1/2	Chord	4/4	1	1	1/2	1/2	1	76
9	9	32	32	1.0	0	0	Chord	4/4	2	1	1/4	1/4	1	77
9	9	33	33	1.0	1/4	1/4	Chord	4/4	2	1	1/4	1/4	1	78
9	9	34	34	2.0	1/2	1/2	Chord	4/4	2	1	1/2	1/2	1	79
9	9	32	32	1.0	0	0	Chord	4/4	3	1	1/4	1/4	1	80
9	9	33	33	1.0	1/4	1/4	Chord	4/4	3	1	1/4	1/4	1	81
9	9	34	34	2.0	1/2	1/2	Chord	4/4	3	1	1/2	1/2	1	82
9	9	32	32	1.0	0	0	Chord	4/4	4	1	1/4	1/4	1	83
9	9	33	33	1.0	1/4	1/4	Chord	4/4	4	1	1/4	1/4	1	84
9	9	34	34	2.0	1/2	1/2	Chord	4/4	4	1	1/2	1/2	1	85
10	10	38	38	2.0	1/2	1/2	Chord	4/4	1	1	1/2	1/2	1	86
10	10	38	38	2.0	1/2	1/2	Chord	4/4	2	1	1/2	1/2	1	87
10	10	38	38	2.0	1/2	1/2	Chord	4/4	3	1	1/2	1/2	1	88
10	10	38	38	2.0	1/2	1/2	Chord	4/4	4	1	1/2	1/2	1	89
11	11	40	40	2.0	0	0	Chord	4/4	1	1	1/2	1/2	1	90
11	11	42	42	1.0	1/2	1/2	Chord	4/4	1	1	1/4	1/4	1	91
11	11	43	43	1.0	3/4	3/4	Chord	4/4	1	1	1/4	1/4	1	92
11	11	40	40	2.0	0	0	Chord	4/4	2	1	1/2	1/2	1	93
11	11	42	42	1.0	1/2	1/2	Chord	4/4	2	1	1/4	1/4	1	94
11	11	43	43	1.0	3/4	3/4	Chord	4/4	2	1	1/4	1/4	1	95
11	11	40	40	2.0	0	0	Chord	4/4	3	1	1/2	1/2	1	96
11	11	42	42	1.0	1/2	1/2	Chord	4/4	3	1	1/4	1/4	1	97
11	11	43	43	1.0	3/4	3/4	Chord	4/4	3	1	1/4	1/4	1	98
11	11	40	40	2.0	0	0	Chord	4/4	4	1	1/2	1/2	1	99
11	11	42	42	1.0	1/2	1/2	Chord	4/4	4	1	1/4	1/4	1	100
11	11	43	43	1.0	3/4	3/4	Chord	4/4	4	1	1/4	1/4	1	101
12	12	44	44	1.0	0	0	Chord	4/4	1	1	1/4	1/4	1	102
12	12	45	45	1.0	1/4	1/4	Chord	4/4	1	1	1/4	1/4	1	103
12	12	46	46	2.0	1/2	1/2	Chord	4/4	1	1	1/2	1/2	1	104
12	12	44	44	1.0	0	0	Chord	4/4	2	1	1/4	1/4	1	105
12	12	45	45	1.0	1/4	1/4	Chord	4/4	2	1	1/4	1/4	1	106
12	12	46	46	2.0	1/2	1/2	Chord	4/4	2	1	1/2	1/2	1	107
12	12	44	44	1.0	0	0	Chord	4/4	3	1	1/4	1/4	1	108
12	12	45	45	1.0	1/4	1/4	Chord	4/4	3	1	1/4	1/4	1	109
12	12	46	46	2.0	1/2	1/2	Chord	4/4	3	1	1/2	1/2	1	110
12	12	44	44	1.0	0	0	Chord	4/4	4	1	1/4	1/4	1	111
12	12	45	45	1.0	1/4	1/4	Chord	4/4	4	1	1/4	1/4	1	112
12	12	46	46	2.0	1/2	1/2	Chord	4/4	4	1	1/2	1/2	1	113
13	13	50	50	2.0	1/2	1/2	Chord	4/4	1	1	1/2	1/2	1	114
13	13	50	50	2.0	1/2	1/2	Chord	4/4	2	1	1/2	1/2	1	115
13	13	50	50	2.0	1/2	1/2	Chord	4/4	3	1	1/2	1/2	1	116
13	13	50	50	2.0	1/2	1/2	Chord	4/4	4	1	1/2	1/2	1	117
14	14	52	52	2.0	0	0	Chord	4/4	1	1	1/2	1/2	1	118
14	14	54	54	1.0	1/2	1/2	Chord	4/4	1	1	1/4	1/4	1	119
14	14	55	55	1.0	3/4	3/4	Chord	4/4	1	1	1/4	1/4	1	120
14	14	52	52	2.0	0	0	Chord	4/4	2	1	1/2	1/2	1	121
14	14	54	54	1.0	1/2	1/2	Chord	4/4	2	1	1/4	1/4	1	122
14	14	55	55	1.0	3/4	3/4	Chord	4/4	2	1	1/4	1/4	1	123
14	14	52	52	2.0	0	0	Chord	4/4	3	1	1/2	1/2	1	124
14	14	54	54	1.0	1/2	1/2	Chord	4/4	3	1	1/4	1/4	1	125
14	14	55	55	1.0	3/4	3/4	Chord	4/4	3	1	1/4	1/4	1	126
14	14	52	52	2.0	0	0	Chord	4/4	4	1	1/2	1/2	1	127
14	14	54	54	1.0	1/2	1/2	Chord	4/4	4	1	1/4	1/4	1	128
14	14	55	55	1.0	3/4	3/4	Chord	4/4	4	1	1/4	1/4	1	129
15	15	56	56	1.0	0	0	Chord	4/4	1	1	1/4	1/4	1	130
15	15	57	57	1.0	1/4	1/4	Chord	4/4	1	1	1/4	1/4	1	131
15	15	58	58	2.0	1/2	1/2	Chord	4/4	1	1	1/2	1/2	1	132
15	15	56	56	1.0	0	0	Chord	4/4	2	1	1/4	1/4	1	133
15	15	57	57	1.0	1/4	1/4	Chord	4/4	2	1	1/4	1/4	1	134
15	15	58	58	2.0	1/2	1/2	Chord	4/4	2	1	1/2	1/2	1	135
15	15	56	56	1.0	0	0	Chord	4/4	3	1	1/4	1/4	1	136
15	15	57	57	1.0	1/4	1/4	Chord	4/4	3	1	1/4	1/4	1	137
15	15	58	58	2.0	1/2	1/2	Chord	4/4	3	1	1/2	1/2	1	138
15	15	56	56	1.0	0	0	Chord	4/4	4	1	1/4	1/4	1	139
15	15	57	57	1.0	1/4	1/4	Chord	4/4	4	1	1/4	1/4	1	140
15	15	58	58	2.0	1/2	1/2	Chord	4/4	4	1	1/2	1/2	1	141
16	16	62	62	2.0	1/2	1/2	Chord	4/4	1	1	1/2	1/2	1	142
16	16	62	62	2.0	1/2	1/2	Chord	4/4	2	1	1/2	1/2	1	143
16	16	62	62	2.0	1/2	1/2	Chord	4/4	3	1	1/2	1/2	1	144
16	16	62	62	2.0	1/2	1/2	Chord	4/4	4	1	1/2	1/2	1	145
17	17	64	64	2.0	0	0	Chord	4/4	1	1	1/2	1/2	1	146
17	17	66	66	1.0	1/2	1/2	Chord	4/4	1	1	1/4	1/4	1	147
17	17	67	67	1.0	3/4	3/4	Chord	4/4	1	1	1/4	1/4	1	148
17	17	64	64	2.0	0	0	Chord	4/4	2	1	1/2	1/2	1	149
17	17	66	66	1.0	1/2	1/2	Chord	4/4	2	1	1/4	1/4	1	150
17	17	67	67	1.0	3/4	3/4	Chord	4/4	2	1	1/4	1/4	1	151
17	17	64	64	2.0	0	0	Chord	4/4	3	1	1/2	1/2	1	152
17	17	66	66	1.0	1/2	1/2	Chord	4/4	3	1	1/4	1/4	1	153
17	17	67	67	1.0	3/4	3/4	Chord	4/4	3	1	1/4	1/4	1	154
17	17	64	64	2.0	0	0	Chord	4/4	4	1	1/2	1/2	1	155
17	17	66	66	1.0	1/2	1/2	Chord	4/4	4	1	1/4	1/4	1	156
17	17	67	67	1.0	3/4	3/4	Chord	4/4	4	1	1/4	1/4	1	157
18	18	68	68	2.0	0	0	Chord	4/4	1	1	1/2	1/2	1	158
18	18	70	70	2.0	1/2	1/2	Chord	4/4	1	1	1/2	1/2	1	159
18	18	68	68	1.0	0	0	Chord	4/4	2	1	1/4	1/4	1	160
18	18	69	69	2.0	1/4	1/4	Chord	4/4	2	1	1/2	1/2	1	161
18	18	71	71	1.0	3/4	3/4	Chord	4/4	2	1	1/4	1/4	1	162
18	18	68	68	2.0	0	0	Chord	4/4	3	1	1/2	1/2	1	163
18	18	70	70	2.0	1/2	1/2	Chord	4/4	3	1	1/2	1/2	1	164
18	18	68	68	2.0	0	0	Chord	4/4	4	1	1/2	1/2	1	165
18	18	70	70	2.0	1/2	1/2	Chord	4/4	4	1	1/2	1/2	1	166
19	19	72	72	4.0	0	0	Chord	4/4	1	1	1	1	1	167
19	19	72	72	4.0	0	0	Chord	4/4	2	1	1	1	1	168
19	19	72	72	4.0	0	0	Chord	4/4	3	1	1	1	1	169
19	19	72	72	4.0	0	0	Chord	4/4	4	1	1	1	1	170
